"","X","Z_LL","Z_LH","Z_HL","Z_HH","Z_dummy"
"linear",0,0,0,0,0,0
"stepwise",0,8.44999999999998e-05,0,5.00000000000001e-07,0,0
"stepwise_X",0,4.05000000000001e-05,0.000242,0,0,0
"two_step_LASSO",0,8.00000000000001e-06,0,0.0002205,0,0
"two_step_LASSO_X",0,6.05000000000001e-05,4.50000000000001e-06,0,0,0
