"","intercept","X","Z1","Z2","Z3","Z4","Z5","Z6","Z7","Z8","Z9"
"true_values",1,0.534846922834953,0,0,0.408248290463863,0.408248290463863,0,0,0.408248290463863,0.408248290463863,NA
"linear",1.00013088048351,0.534807475576962,1.39203650995721e-07,0.000116409251867553,0.408873390153952,0.408208476739592,-7.9251654282444e-06,0.000497481215925543,0.408521667830734,0.407811559434224,-0.000269240110073204
"stepwise",0.99984224039869,0.535101916995072,-0.000208160013363783,2.24623659257865e-05,0.40887100489515,0.408205235056383,-0.000294916203441758,-0.000174910676831425,0.408404948486796,0.407693958338009,-0.000287844417084355
"stepwise_X",1.00054493611589,0.534650681906712,-0.000138646194704662,1.25414345814401e-05,0.069464978167174,0.0604493973143798,-0.000191614191686359,0.000688652303281247,0.408583280202742,0.408055878472834,-0.000107596450799618
"two_step_LASSO",1.00036286626101,0.534578795199987,4.75582298754932e-05,0.000212865413851439,0.408868979522518,0.408206754823487,0.000426851029228537,0.000818722613956616,0.408613822999658,0.407906144280197,-0.000189595734576326
"two_step_LASSO_X",1.00044086023022,0.534810462048234,-0.000165363574511281,9.35409810096809e-05,0.171214854500724,0.172310974391497,-0.000102841799693697,0.000657697008455167,0.408535597576047,0.407971867601697,-8.647953590348e-05
