"","pred_mse","r_squared_X","r_squared_Y","model_SE","emp_SE","causal_effect_est","causal_effect_mcse","causal_effect_bias","avg_abs_param_bias","coverage","open_paths","blocked_paths"
"linear",0.998784778200395,0.401142430269577,0.600559305654587,0.0100091901610742,0.00992065079803482,0.534807475576962,0.000313873019615941,-3.94472579912106e-05,0.00839564840741858,0.956,2,2
"stepwise",0.999004091486302,0.401142430269577,0.600471624416495,0.00884335847419329,0.00940720024735478,0.535101916995072,0.000297521282239645,0.00025499416011869,0.00592516895628765,0.943,2,2
"stepwise_X",1.27973396606632,0.401142430269577,0.488219730707078,0.0113196138219004,0.0107947149526518,0.534650681906712,0.000341473226434312,-0.000196240928240873,0.0684040637624309,0.956,2,2
"two_step_LASSO",0.998844426315938,0.401142430269577,0.600535471304949,0.00921087683102896,0.00976572686166283,0.534578795199987,0.000308857445481892,-0.00026812763496593,0.00736518849930879,0.936,2,2
"two_step_LASSO_X",1.19233678769827,0.401142430269577,0.523180482178646,0.0109198828258833,0.0101877216801599,0.534810462048234,0.000322323185451049,-3.64607867189772e-05,0.0498129513105086,0.967,2,2
